[
{
    "model": "admin.logentry",
    "pk": 1,
    "fields": {
        "action_time": "2022-07-22T12:09:15.558Z",
        "user": 1,
        "content_type": 9,
        "object_id": "1",
        "object_repr": "ABC",
        "action_flag": 1,
        "change_message": "[{\"added\": {}}]"
    }
},
{
    "model": "admin.logentry",
    "pk": 2,
    "fields": {
        "action_time": "2022-07-22T12:09:30.246Z",
        "user": 1,
        "content_type": 7,
        "object_id": "1",
        "object_repr": "James Joyce",
        "action_flag": 1,
        "change_message": "[{\"added\": {}}, {\"added\": {\"name\": \"book\", \"object\": \"Chamber Music\"}}]"
    }
},
{
    "model": "admin.logentry",
    "pk": 3,
    "fields": {
        "action_time": "2022-07-22T12:12:47.848Z",
        "user": 1,
        "content_type": 7,
        "object_id": "1",
        "object_repr": "James Joyce",
        "action_flag": 2,
        "change_message": "[]"
    }
},
{
    "model": "admin.logentry",
    "pk": 4,
    "fields": {
        "action_time": "2022-07-22T12:12:53.279Z",
        "user": 1,
        "content_type": 9,
        "object_id": "2",
        "object_repr": "Caravela",
        "action_flag": 1,
        "change_message": "[{\"added\": {}}]"
    }
},
{
    "model": "admin.logentry",
    "pk": 5,
    "fields": {
        "action_time": "2022-07-22T12:13:06.804Z",
        "user": 1,
        "content_type": 9,
        "object_id": "3",
        "object_repr": "Komubook",
        "action_flag": 1,
        "change_message": "[{\"added\": {}}]"
    }
},
{
    "model": "admin.logentry",
    "pk": 6,
    "fields": {
        "action_time": "2022-07-22T12:13:23.157Z",
        "user": 1,
        "content_type": 9,
        "object_id": "4",
        "object_repr": "Vivat",
        "action_flag": 1,
        "change_message": "[{\"added\": {}}]"
    }
},
{
    "model": "admin.logentry",
    "pk": 7,
    "fields": {
        "action_time": "2022-07-22T12:13:43.334Z",
        "user": 1,
        "content_type": 9,
        "object_id": "5",
        "object_repr": "Terra Incognita",
        "action_flag": 1,
        "change_message": "[{\"added\": {}}]"
    }
},
{
    "model": "admin.logentry",
    "pk": 8,
    "fields": {
        "action_time": "2022-07-22T12:14:26.689Z",
        "user": 1,
        "content_type": 7,
        "object_id": "1",
        "object_repr": "James Joyce",
        "action_flag": 2,
        "change_message": "[{\"added\": {\"name\": \"book\", \"object\": \"Giacomo Joyce\"}}, {\"added\": {\"name\": \"book\", \"object\": \"Pomes Penyeach\"}}, {\"added\": {\"name\": \"book\", \"object\": \"Dubliners\"}}, {\"added\": {\"name\": \"book\", \"object\": \"A Portrait of the Artist as a Young Man\"}}]"
    }
},
{
    "model": "admin.logentry",
    "pk": 9,
    "fields": {
        "action_time": "2022-07-22T12:18:47.740Z",
        "user": 1,
        "content_type": 7,
        "object_id": "2",
        "object_repr": "Rafael Sabatini",
        "action_flag": 1,
        "change_message": "[{\"added\": {}}, {\"added\": {\"name\": \"book\", \"object\": \"Captain Blood\"}}, {\"added\": {\"name\": \"book\", \"object\": \"The Gates of Doom\"}}, {\"added\": {\"name\": \"book\", \"object\": \"The Carolinian\"}}, {\"added\": {\"name\": \"book\", \"object\": \"Bellarion the Fortunate\"}}, {\"added\": {\"name\": \"book\", \"object\": \"King in Prussia\"}}, {\"added\": {\"name\": \"book\", \"object\": \"The Gamester\"}}, {\"added\": {\"name\": \"book\", \"object\": \"The Black Swan\"}}]"
    }
},
{
    "model": "admin.logentry",
    "pk": 10,
    "fields": {
        "action_time": "2022-07-22T12:23:36.787Z",
        "user": 1,
        "content_type": 7,
        "object_id": "3",
        "object_repr": "Patrick O'Brian",
        "action_flag": 1,
        "change_message": "[{\"added\": {}}, {\"added\": {\"name\": \"book\", \"object\": \"Master and Commande\"}}, {\"added\": {\"name\": \"book\", \"object\": \"Post Captain\"}}, {\"added\": {\"name\": \"book\", \"object\": \"HMS Surprise\"}}, {\"added\": {\"name\": \"book\", \"object\": \"The Mauritius Command\"}}, {\"added\": {\"name\": \"book\", \"object\": \"Desolation Island\"}}, {\"added\": {\"name\": \"book\", \"object\": \"The Fortune of War\"}}, {\"added\": {\"name\": \"book\", \"object\": \"The Surgeon's Mate\"}}]"
    }
},
{
    "model": "admin.logentry",
    "pk": 11,
    "fields": {
        "action_time": "2022-07-23T10:23:12.919Z",
        "user": 1,
        "content_type": 7,
        "object_id": "4",
        "object_repr": "Walter Scott",
        "action_flag": 1,
        "change_message": "[{\"added\": {}}, {\"added\": {\"name\": \"book\", \"object\": \"Rob Roy\"}}, {\"added\": {\"name\": \"book\", \"object\": \"The Monastery\"}}, {\"added\": {\"name\": \"book\", \"object\": \"The Abbot\"}}, {\"added\": {\"name\": \"book\", \"object\": \"Woodstock\"}}, {\"added\": {\"name\": \"book\", \"object\": \"Anne of Geierstein\"}}, {\"added\": {\"name\": \"book\", \"object\": \"The Lord of the Isles\"}}, {\"added\": {\"name\": \"book\", \"object\": \"Bonnie Dundee\"}}, {\"added\": {\"name\": \"book\", \"object\": \"The Field of Waterloo\"}}, {\"added\": {\"name\": \"book\", \"object\": \"The Lady of the Lake\"}}]"
    }
},
{
    "model": "admin.logentry",
    "pk": 12,
    "fields": {
        "action_time": "2022-07-23T10:25:02.428Z",
        "user": 1,
        "content_type": 7,
        "object_id": "4",
        "object_repr": "Walter Scott",
        "action_flag": 2,
        "change_message": "[{\"added\": {\"name\": \"book\", \"object\": \"Redgauntlet\"}}, {\"added\": {\"name\": \"book\", \"object\": \"The Betrothed\"}}, {\"added\": {\"name\": \"book\", \"object\": \"Bizarro\"}}]"
    }
},
{
    "model": "admin.logentry",
    "pk": 13,
    "fields": {
        "action_time": "2022-07-23T10:31:31.010Z",
        "user": 1,
        "content_type": 7,
        "object_id": "5",
        "object_repr": "Erich Remark",
        "action_flag": 1,
        "change_message": "[{\"added\": {}}, {\"added\": {\"name\": \"book\", \"object\": \"Arch of Triumph\"}}, {\"added\": {\"name\": \"book\", \"object\": \"Spark of Life\"}}, {\"added\": {\"name\": \"book\", \"object\": \"The Black Obelisk\"}}, {\"added\": {\"name\": \"book\", \"object\": \"The Night in Lisbon\"}}, {\"added\": {\"name\": \"book\", \"object\": \"Shadows in Paradise\"}}, {\"added\": {\"name\": \"book\", \"object\": \"The Promised Land\"}}, {\"added\": {\"name\": \"book\", \"object\": \"Heaven Has No Favorites\"}}, {\"added\": {\"name\": \"book\", \"object\": \"A Time to Love and a Time to Die\"}}]"
    }
},
{
    "model": "admin.logentry",
    "pk": 14,
    "fields": {
        "action_time": "2022-07-23T10:35:37.404Z",
        "user": 1,
        "content_type": 7,
        "object_id": "6",
        "object_repr": "Jane Austen",
        "action_flag": 1,
        "change_message": "[{\"added\": {}}, {\"added\": {\"name\": \"book\", \"object\": \"Pride and Prejudice\"}}, {\"added\": {\"name\": \"book\", \"object\": \"Mansfield Park\"}}, {\"added\": {\"name\": \"book\", \"object\": \"Emma\"}}, {\"added\": {\"name\": \"book\", \"object\": \"Northanger Abbey\"}}, {\"added\": {\"name\": \"book\", \"object\": \"Persuasion\"}}, {\"added\": {\"name\": \"book\", \"object\": \"Lady Susan\"}}, {\"added\": {\"name\": \"book\", \"object\": \"Sense and Sensibility\"}}]"
    }
},
{
    "model": "admin.logentry",
    "pk": 15,
    "fields": {
        "action_time": "2022-07-23T10:47:26.597Z",
        "user": 1,
        "content_type": 7,
        "object_id": "7",
        "object_repr": "Maurice Druon",
        "action_flag": 1,
        "change_message": "[{\"added\": {}}, {\"added\": {\"name\": \"book\", \"object\": \"The Iron King\"}}, {\"added\": {\"name\": \"book\", \"object\": \"The Strangled Queen\"}}, {\"added\": {\"name\": \"book\", \"object\": \"The Poisoned Crown\"}}, {\"added\": {\"name\": \"book\", \"object\": \"The Royal Succession\"}}, {\"added\": {\"name\": \"book\", \"object\": \"The She-Wolf of France\"}}, {\"added\": {\"name\": \"book\", \"object\": \"The Lily and the Lion\"}}, {\"added\": {\"name\": \"book\", \"object\": \"The King Without a Kingdom\"}}, {\"added\": {\"name\": \"book\", \"object\": \"The Big Families\"}}, {\"added\": {\"name\": \"book\", \"object\": \"The Last Brigade\"}}, {\"added\": {\"name\": \"book\", \"object\": \"The Song of the Partisans\"}}, {\"added\": {\"name\": \"book\", \"object\": \"The Pleasure of Being\"}}, {\"added\": {\"name\": \"book\", \"object\": \"Paris, from Caesar to Saint Louis\"}}, {\"added\": {\"name\": \"book\", \"object\": \"The future in disarray\"}}, {\"added\": {\"name\": \"book\", \"object\": \"Provencal splendor\"}}, {\"added\": {\"name\": \"book\", \"object\": \"When a king loses France\"}}, {\"added\": {\"name\": \"book\", \"object\": \"Culture and the State\"}}, {\"added\": {\"name\": \"book\", \"object\": \"Good french\"}}]"
    }
},
{
    "model": "admin.logentry",
    "pk": 16,
    "fields": {
        "action_time": "2022-07-23T10:54:23.170Z",
        "user": 1,
        "content_type": 7,
        "object_id": "8",
        "object_repr": "Charlotte Bronte",
        "action_flag": 1,
        "change_message": "[{\"added\": {}}, {\"added\": {\"name\": \"book\", \"object\": \"Jane Eyre\"}}, {\"added\": {\"name\": \"book\", \"object\": \"Shirley\"}}, {\"added\": {\"name\": \"book\", \"object\": \"Villette\"}}, {\"added\": {\"name\": \"book\", \"object\": \"The Professor\"}}, {\"added\": {\"name\": \"book\", \"object\": \"Emma\"}}, {\"added\": {\"name\": \"book\", \"object\": \"Poems by Currer, Ellis, and Acton Bell\"}}, {\"added\": {\"name\": \"book\", \"object\": \"The Young Men's Magazine\"}}, {\"added\": {\"name\": \"book\", \"object\": \"A Book of Rhymes\"}}, {\"added\": {\"name\": \"book\", \"object\": \"Lily Hart\"}}, {\"added\": {\"name\": \"book\", \"object\": \"Albion and Marina\"}}, {\"added\": {\"name\": \"book\", \"object\": \"Tales of the Islanders\"}}, {\"added\": {\"name\": \"book\", \"object\": \"Tales of Angria\"}}]"
    }
},
{
    "model": "admin.logentry",
    "pk": 17,
    "fields": {
        "action_time": "2022-07-23T11:03:40.019Z",
        "user": 1,
        "content_type": 7,
        "object_id": "9",
        "object_repr": "Alexandre Dumas",
        "action_flag": 1,
        "change_message": "[{\"added\": {}}, {\"added\": {\"name\": \"book\", \"object\": \"The Three Musketeers\"}}, {\"added\": {\"name\": \"book\", \"object\": \"Twenty Years Afte\"}}, {\"added\": {\"name\": \"book\", \"object\": \"The Vicomte de Bragelonne\"}}, {\"added\": {\"name\": \"book\", \"object\": \"Louis XIV and His Century\"}}, {\"added\": {\"name\": \"book\", \"object\": \"The Women's War\"}}, {\"added\": {\"name\": \"book\", \"object\": \"The Conspirators\"}}, {\"added\": {\"name\": \"book\", \"object\": \"The Regent's Daughter\"}}, {\"added\": {\"name\": \"book\", \"object\": \"Georges\"}}, {\"added\": {\"name\": \"book\", \"object\": \"The Count of Monte Cristo\"}}, {\"added\": {\"name\": \"book\", \"object\": \"The Black Tulip\"}}, {\"added\": {\"name\": \"book\", \"object\": \"The Mohicans of Paris\"}}, {\"added\": {\"name\": \"book\", \"object\": \"Olympe de Cleves\"}}, {\"added\": {\"name\": \"book\", \"object\": \"Captain Pamphile\"}}, {\"added\": {\"name\": \"book\", \"object\": \"The Fencing Master\"}}, {\"added\": {\"name\": \"book\", \"object\": \"La Sanfelice\"}}, {\"added\": {\"name\": \"book\", \"object\": \"Captain Paul\"}}]"
    }
},
{
    "model": "admin.logentry",
    "pk": 18,
    "fields": {
        "action_time": "2022-07-23T11:25:07.658Z",
        "user": 1,
        "content_type": 10,
        "object_id": "1",
        "object_repr": "Valliza-Book",
        "action_flag": 1,
        "change_message": "[{\"added\": {}}]"
    }
},
{
    "model": "admin.logentry",
    "pk": 19,
    "fields": {
        "action_time": "2022-07-23T11:26:12.349Z",
        "user": 1,
        "content_type": 10,
        "object_id": "1",
        "object_repr": "Valliza-Book",
        "action_flag": 2,
        "change_message": "[{\"changed\": {\"fields\": [\"Books\"]}}]"
    }
},
{
    "model": "admin.logentry",
    "pk": 20,
    "fields": {
        "action_time": "2022-07-23T11:28:04.479Z",
        "user": 1,
        "content_type": 10,
        "object_id": "2",
        "object_repr": "Knigaza",
        "action_flag": 1,
        "change_message": "[{\"added\": {}}]"
    }
},
{
    "model": "admin.logentry",
    "pk": 21,
    "fields": {
        "action_time": "2022-07-23T11:28:29.798Z",
        "user": 1,
        "content_type": 10,
        "object_id": "3",
        "object_repr": "Grenka",
        "action_flag": 1,
        "change_message": "[{\"added\": {}}]"
    }
},
{
    "model": "admin.logentry",
    "pk": 22,
    "fields": {
        "action_time": "2022-07-23T11:29:10.173Z",
        "user": 1,
        "content_type": 10,
        "object_id": "4",
        "object_repr": "Artvertep",
        "action_flag": 1,
        "change_message": "[{\"added\": {}}]"
    }
},
{
    "model": "admin.logentry",
    "pk": 23,
    "fields": {
        "action_time": "2022-07-23T11:31:05.592Z",
        "user": 1,
        "content_type": 7,
        "object_id": "9",
        "object_repr": "Alexandre Dumas",
        "action_flag": 2,
        "change_message": "[]"
    }
},
{
    "model": "admin.logentry",
    "pk": 24,
    "fields": {
        "action_time": "2022-07-23T11:31:45.299Z",
        "user": 1,
        "content_type": 10,
        "object_id": "5",
        "object_repr": "Booklya",
        "action_flag": 1,
        "change_message": "[{\"added\": {}}]"
    }
},
{
    "model": "auth.permission",
    "pk": 1,
    "fields": {
        "name": "Can add log entry",
        "content_type": 1,
        "codename": "add_logentry"
    }
},
{
    "model": "auth.permission",
    "pk": 2,
    "fields": {
        "name": "Can change log entry",
        "content_type": 1,
        "codename": "change_logentry"
    }
},
{
    "model": "auth.permission",
    "pk": 3,
    "fields": {
        "name": "Can delete log entry",
        "content_type": 1,
        "codename": "delete_logentry"
    }
},
{
    "model": "auth.permission",
    "pk": 4,
    "fields": {
        "name": "Can view log entry",
        "content_type": 1,
        "codename": "view_logentry"
    }
},
{
    "model": "auth.permission",
    "pk": 5,
    "fields": {
        "name": "Can add permission",
        "content_type": 2,
        "codename": "add_permission"
    }
},
{
    "model": "auth.permission",
    "pk": 6,
    "fields": {
        "name": "Can change permission",
        "content_type": 2,
        "codename": "change_permission"
    }
},
{
    "model": "auth.permission",
    "pk": 7,
    "fields": {
        "name": "Can delete permission",
        "content_type": 2,
        "codename": "delete_permission"
    }
},
{
    "model": "auth.permission",
    "pk": 8,
    "fields": {
        "name": "Can view permission",
        "content_type": 2,
        "codename": "view_permission"
    }
},
{
    "model": "auth.permission",
    "pk": 9,
    "fields": {
        "name": "Can add group",
        "content_type": 3,
        "codename": "add_group"
    }
},
{
    "model": "auth.permission",
    "pk": 10,
    "fields": {
        "name": "Can change group",
        "content_type": 3,
        "codename": "change_group"
    }
},
{
    "model": "auth.permission",
    "pk": 11,
    "fields": {
        "name": "Can delete group",
        "content_type": 3,
        "codename": "delete_group"
    }
},
{
    "model": "auth.permission",
    "pk": 12,
    "fields": {
        "name": "Can view group",
        "content_type": 3,
        "codename": "view_group"
    }
},
{
    "model": "auth.permission",
    "pk": 13,
    "fields": {
        "name": "Can add user",
        "content_type": 4,
        "codename": "add_user"
    }
},
{
    "model": "auth.permission",
    "pk": 14,
    "fields": {
        "name": "Can change user",
        "content_type": 4,
        "codename": "change_user"
    }
},
{
    "model": "auth.permission",
    "pk": 15,
    "fields": {
        "name": "Can delete user",
        "content_type": 4,
        "codename": "delete_user"
    }
},
{
    "model": "auth.permission",
    "pk": 16,
    "fields": {
        "name": "Can view user",
        "content_type": 4,
        "codename": "view_user"
    }
},
{
    "model": "auth.permission",
    "pk": 17,
    "fields": {
        "name": "Can add content type",
        "content_type": 5,
        "codename": "add_contenttype"
    }
},
{
    "model": "auth.permission",
    "pk": 18,
    "fields": {
        "name": "Can change content type",
        "content_type": 5,
        "codename": "change_contenttype"
    }
},
{
    "model": "auth.permission",
    "pk": 19,
    "fields": {
        "name": "Can delete content type",
        "content_type": 5,
        "codename": "delete_contenttype"
    }
},
{
    "model": "auth.permission",
    "pk": 20,
    "fields": {
        "name": "Can view content type",
        "content_type": 5,
        "codename": "view_contenttype"
    }
},
{
    "model": "auth.permission",
    "pk": 21,
    "fields": {
        "name": "Can add session",
        "content_type": 6,
        "codename": "add_session"
    }
},
{
    "model": "auth.permission",
    "pk": 22,
    "fields": {
        "name": "Can change session",
        "content_type": 6,
        "codename": "change_session"
    }
},
{
    "model": "auth.permission",
    "pk": 23,
    "fields": {
        "name": "Can delete session",
        "content_type": 6,
        "codename": "delete_session"
    }
},
{
    "model": "auth.permission",
    "pk": 24,
    "fields": {
        "name": "Can view session",
        "content_type": 6,
        "codename": "view_session"
    }
},
{
    "model": "auth.permission",
    "pk": 25,
    "fields": {
        "name": "Can add author",
        "content_type": 7,
        "codename": "add_author"
    }
},
{
    "model": "auth.permission",
    "pk": 26,
    "fields": {
        "name": "Can change author",
        "content_type": 7,
        "codename": "change_author"
    }
},
{
    "model": "auth.permission",
    "pk": 27,
    "fields": {
        "name": "Can delete author",
        "content_type": 7,
        "codename": "delete_author"
    }
},
{
    "model": "auth.permission",
    "pk": 28,
    "fields": {
        "name": "Can view author",
        "content_type": 7,
        "codename": "view_author"
    }
},
{
    "model": "auth.permission",
    "pk": 29,
    "fields": {
        "name": "Can add book",
        "content_type": 8,
        "codename": "add_book"
    }
},
{
    "model": "auth.permission",
    "pk": 30,
    "fields": {
        "name": "Can change book",
        "content_type": 8,
        "codename": "change_book"
    }
},
{
    "model": "auth.permission",
    "pk": 31,
    "fields": {
        "name": "Can delete book",
        "content_type": 8,
        "codename": "delete_book"
    }
},
{
    "model": "auth.permission",
    "pk": 32,
    "fields": {
        "name": "Can view book",
        "content_type": 8,
        "codename": "view_book"
    }
},
{
    "model": "auth.permission",
    "pk": 33,
    "fields": {
        "name": "Can add publisher",
        "content_type": 9,
        "codename": "add_publisher"
    }
},
{
    "model": "auth.permission",
    "pk": 34,
    "fields": {
        "name": "Can change publisher",
        "content_type": 9,
        "codename": "change_publisher"
    }
},
{
    "model": "auth.permission",
    "pk": 35,
    "fields": {
        "name": "Can delete publisher",
        "content_type": 9,
        "codename": "delete_publisher"
    }
},
{
    "model": "auth.permission",
    "pk": 36,
    "fields": {
        "name": "Can view publisher",
        "content_type": 9,
        "codename": "view_publisher"
    }
},
{
    "model": "auth.permission",
    "pk": 37,
    "fields": {
        "name": "Can add store",
        "content_type": 10,
        "codename": "add_store"
    }
},
{
    "model": "auth.permission",
    "pk": 38,
    "fields": {
        "name": "Can change store",
        "content_type": 10,
        "codename": "change_store"
    }
},
{
    "model": "auth.permission",
    "pk": 39,
    "fields": {
        "name": "Can delete store",
        "content_type": 10,
        "codename": "delete_store"
    }
},
{
    "model": "auth.permission",
    "pk": 40,
    "fields": {
        "name": "Can view store",
        "content_type": 10,
        "codename": "view_store"
    }
},
{
    "model": "auth.user",
    "pk": 1,
    "fields": {
        "password": "pbkdf2_sha256$320000$R16J8yM12EpOKDj1zLevGl$FVjlLr5DKfDGGO5d/ayNpvknHCwyMkJTddPZ+YIpoao=",
        "last_login": "2022-07-22T12:08:41.220Z",
        "is_superuser": true,
        "username": "Lili",
        "first_name": "",
        "last_name": "",
        "email": "petkova@gmail.com",
        "is_staff": true,
        "is_active": true,
        "date_joined": "2022-07-22T12:01:27.008Z",
        "groups": [],
        "user_permissions": []
    }
},
{
    "model": "contenttypes.contenttype",
    "pk": 1,
    "fields": {
        "app_label": "admin",
        "model": "logentry"
    }
},
{
    "model": "contenttypes.contenttype",
    "pk": 2,
    "fields": {
        "app_label": "auth",
        "model": "permission"
    }
},
{
    "model": "contenttypes.contenttype",
    "pk": 3,
    "fields": {
        "app_label": "auth",
        "model": "group"
    }
},
{
    "model": "contenttypes.contenttype",
    "pk": 4,
    "fields": {
        "app_label": "auth",
        "model": "user"
    }
},
{
    "model": "contenttypes.contenttype",
    "pk": 5,
    "fields": {
        "app_label": "contenttypes",
        "model": "contenttype"
    }
},
{
    "model": "contenttypes.contenttype",
    "pk": 6,
    "fields": {
        "app_label": "sessions",
        "model": "session"
    }
},
{
    "model": "contenttypes.contenttype",
    "pk": 7,
    "fields": {
        "app_label": "library",
        "model": "author"
    }
},
{
    "model": "contenttypes.contenttype",
    "pk": 8,
    "fields": {
        "app_label": "library",
        "model": "book"
    }
},
{
    "model": "contenttypes.contenttype",
    "pk": 9,
    "fields": {
        "app_label": "library",
        "model": "publisher"
    }
},
{
    "model": "contenttypes.contenttype",
    "pk": 10,
    "fields": {
        "app_label": "library",
        "model": "store"
    }
},
{
    "model": "sessions.session",
    "pk": "8c347vaeifepx76lahz8x4z6fqn68qc2",
    "fields": {
        "session_data": ".eJxVjEEOwiAQRe_C2hCgMLQu3XsGMgyDVA0kpV0Z765NutDtf-_9lwi4rSVsnZcwJ3EWWpx-t4j04LqDdMd6a5JaXZc5yl2RB-3y2hI_L4f7d1Cwl2_tyWoPADTYOBmFYzbEROw8KM7oKI8TWp-UiUAAOlHmAbxlx3nAHMX7A-4lOM4:1oErST:4DXKVDVh6feZ-AK1O0XmFCoKqobrCJr4cvOQ6iLZWtc",
        "expire_date": "2022-08-05T12:08:41.255Z"
    }
},
{
    "model": "library.author",
    "pk": 1,
    "fields": {
        "name": "James Joyce",
        "date_of_birth": "1882-10-02",
        "date_of_death": "1941-12-01"
    }
},
{
    "model": "library.author",
    "pk": 2,
    "fields": {
        "name": "Rafael Sabatini",
        "date_of_birth": "1875-05-12",
        "date_of_death": "1950-02-13"
    }
},
{
    "model": "library.author",
    "pk": 3,
    "fields": {
        "name": "Patrick O'Brian",
        "date_of_birth": "1914-12-02",
        "date_of_death": "2000-01-21"
    }
},
{
    "model": "library.author",
    "pk": 4,
    "fields": {
        "name": "Walter Scott",
        "date_of_birth": "1771-08-01",
        "date_of_death": "1832-10-21"
    }
},
{
    "model": "library.author",
    "pk": 5,
    "fields": {
        "name": "Erich Remark",
        "date_of_birth": "1898-07-22",
        "date_of_death": "1970-09-25"
    }
},
{
    "model": "library.author",
    "pk": 6,
    "fields": {
        "name": "Jane Austen",
        "date_of_birth": "1775-12-16",
        "date_of_death": "1817-07-18"
    }
},
{
    "model": "library.author",
    "pk": 7,
    "fields": {
        "name": "Maurice Druon",
        "date_of_birth": "1918-05-23",
        "date_of_death": "2009-05-07"
    }
},
{
    "model": "library.author",
    "pk": 8,
    "fields": {
        "name": "Charlotte Bronte",
        "date_of_birth": "1816-06-12",
        "date_of_death": "1855-07-25"
    }
},
{
    "model": "library.author",
    "pk": 9,
    "fields": {
        "name": "Alexandre Dumas",
        "date_of_birth": "1802-07-24",
        "date_of_death": "1870-12-05"
    }
},
{
    "model": "library.publisher",
    "pk": 1,
    "fields": {
        "name": "ABC"
    }
},
{
    "model": "library.publisher",
    "pk": 2,
    "fields": {
        "name": "Caravela"
    }
},
{
    "model": "library.publisher",
    "pk": 3,
    "fields": {
        "name": "Komubook"
    }
},
{
    "model": "library.publisher",
    "pk": 4,
    "fields": {
        "name": "Vivat"
    }
},
{
    "model": "library.publisher",
    "pk": 5,
    "fields": {
        "name": "Terra Incognita"
    }
},
{
    "model": "library.book",
    "pk": 1,
    "fields": {
        "name": "Chamber Music",
        "price": "140.00",
        "author": 1,
        "publisher": 1,
        "pubdate": "1907-12-23"
    }
},
{
    "model": "library.book",
    "pk": 2,
    "fields": {
        "name": "Giacomo Joyce",
        "price": "175.00",
        "author": 1,
        "publisher": 1,
        "pubdate": "1907-03-21"
    }
},
{
    "model": "library.book",
    "pk": 3,
    "fields": {
        "name": "Pomes Penyeach",
        "price": "167.00",
        "author": 1,
        "publisher": 2,
        "pubdate": "1927-08-16"
    }
},
{
    "model": "library.book",
    "pk": 4,
    "fields": {
        "name": "Dubliners",
        "price": "215.00",
        "author": 1,
        "publisher": 3,
        "pubdate": "1914-09-13"
    }
},
{
    "model": "library.book",
    "pk": 5,
    "fields": {
        "name": "A Portrait of the Artist as a Young Man",
        "price": "170.00",
        "author": 1,
        "publisher": 3,
        "pubdate": "1916-09-27"
    }
},
{
    "model": "library.book",
    "pk": 6,
    "fields": {
        "name": "Captain Blood",
        "price": "150.00",
        "author": 2,
        "publisher": 5,
        "pubdate": "1922-03-12"
    }
},
{
    "model": "library.book",
    "pk": 7,
    "fields": {
        "name": "The Gates of Doom",
        "price": "150.00",
        "author": 2,
        "publisher": 5,
        "pubdate": "1914-05-07"
    }
},
{
    "model": "library.book",
    "pk": 8,
    "fields": {
        "name": "The Carolinian",
        "price": "135.00",
        "author": 2,
        "publisher": 5,
        "pubdate": "1924-06-15"
    }
},
{
    "model": "library.book",
    "pk": 9,
    "fields": {
        "name": "Bellarion the Fortunate",
        "price": "140.00",
        "author": 2,
        "publisher": 4,
        "pubdate": "1926-06-23"
    }
},
{
    "model": "library.book",
    "pk": 10,
    "fields": {
        "name": "King in Prussia",
        "price": "170.00",
        "author": 2,
        "publisher": 4,
        "pubdate": "1944-12-12"
    }
},
{
    "model": "library.book",
    "pk": 11,
    "fields": {
        "name": "The Gamester",
        "price": "130.00",
        "author": 2,
        "publisher": 4,
        "pubdate": "1949-04-17"
    }
},
{
    "model": "library.book",
    "pk": 12,
    "fields": {
        "name": "The Black Swan",
        "price": "145.00",
        "author": 2,
        "publisher": 4,
        "pubdate": "1932-07-18"
    }
},
{
    "model": "library.book",
    "pk": 13,
    "fields": {
        "name": "Master and Commande",
        "price": "175.00",
        "author": 3,
        "publisher": 3,
        "pubdate": "1969-06-12"
    }
},
{
    "model": "library.book",
    "pk": 14,
    "fields": {
        "name": "Post Captain",
        "price": "175.00",
        "author": 3,
        "publisher": 3,
        "pubdate": "1972-12-04"
    }
},
{
    "model": "library.book",
    "pk": 15,
    "fields": {
        "name": "HMS Surprise",
        "price": "160.00",
        "author": 3,
        "publisher": 3,
        "pubdate": "1973-05-12"
    }
},
{
    "model": "library.book",
    "pk": 16,
    "fields": {
        "name": "The Mauritius Command",
        "price": "160.00",
        "author": 3,
        "publisher": 3,
        "pubdate": "1977-07-21"
    }
},
{
    "model": "library.book",
    "pk": 17,
    "fields": {
        "name": "Desolation Island",
        "price": "160.00",
        "author": 3,
        "publisher": 3,
        "pubdate": "1978-03-26"
    }
},
{
    "model": "library.book",
    "pk": 18,
    "fields": {
        "name": "The Fortune of War",
        "price": "165.00",
        "author": 3,
        "publisher": 3,
        "pubdate": "1979-07-17"
    }
},
{
    "model": "library.book",
    "pk": 19,
    "fields": {
        "name": "The Surgeon's Mate",
        "price": "155.00",
        "author": 3,
        "publisher": 3,
        "pubdate": "1980-04-15"
    }
},
{
    "model": "library.book",
    "pk": 20,
    "fields": {
        "name": "Rob Roy",
        "price": "165.00",
        "author": 4,
        "publisher": 1,
        "pubdate": "1817-12-25"
    }
},
{
    "model": "library.book",
    "pk": 21,
    "fields": {
        "name": "The Monastery",
        "price": "175.00",
        "author": 4,
        "publisher": 1,
        "pubdate": "1820-11-01"
    }
},
{
    "model": "library.book",
    "pk": 22,
    "fields": {
        "name": "The Abbot",
        "price": "175.00",
        "author": 4,
        "publisher": 4,
        "pubdate": "1820-02-12"
    }
},
{
    "model": "library.book",
    "pk": 23,
    "fields": {
        "name": "Woodstock",
        "price": "180.00",
        "author": 4,
        "publisher": 4,
        "pubdate": "1826-09-12"
    }
},
{
    "model": "library.book",
    "pk": 24,
    "fields": {
        "name": "Anne of Geierstein",
        "price": "180.00",
        "author": 4,
        "publisher": 1,
        "pubdate": "1829-12-12"
    }
},
{
    "model": "library.book",
    "pk": 25,
    "fields": {
        "name": "The Lord of the Isles",
        "price": "160.00",
        "author": 4,
        "publisher": 2,
        "pubdate": "1815-09-10"
    }
},
{
    "model": "library.book",
    "pk": 26,
    "fields": {
        "name": "Bonnie Dundee",
        "price": "150.00",
        "author": 4,
        "publisher": 2,
        "pubdate": "1825-07-28"
    }
},
{
    "model": "library.book",
    "pk": 27,
    "fields": {
        "name": "The Field of Waterloo",
        "price": "195.00",
        "author": 4,
        "publisher": 2,
        "pubdate": "1815-06-18"
    }
},
{
    "model": "library.book",
    "pk": 28,
    "fields": {
        "name": "The Lady of the Lake",
        "price": "190.00",
        "author": 4,
        "publisher": 2,
        "pubdate": "1810-12-25"
    }
},
{
    "model": "library.book",
    "pk": 29,
    "fields": {
        "name": "Redgauntlet",
        "price": "175.00",
        "author": 4,
        "publisher": 2,
        "pubdate": "1824-09-25"
    }
},
{
    "model": "library.book",
    "pk": 30,
    "fields": {
        "name": "The Betrothed",
        "price": "155.00",
        "author": 4,
        "publisher": 1,
        "pubdate": "1825-10-05"
    }
},
{
    "model": "library.book",
    "pk": 31,
    "fields": {
        "name": "Bizarro",
        "price": "155.00",
        "author": 4,
        "publisher": 1,
        "pubdate": "1832-04-18"
    }
},
{
    "model": "library.book",
    "pk": 32,
    "fields": {
        "name": "Arch of Triumph",
        "price": "210.00",
        "author": 5,
        "publisher": 5,
        "pubdate": "1945-09-15"
    }
},
{
    "model": "library.book",
    "pk": 33,
    "fields": {
        "name": "Spark of Life",
        "price": "210.00",
        "author": 5,
        "publisher": 5,
        "pubdate": "1952-10-12"
    }
},
{
    "model": "library.book",
    "pk": 34,
    "fields": {
        "name": "The Black Obelisk",
        "price": "200.00",
        "author": 5,
        "publisher": 5,
        "pubdate": "1957-06-21"
    }
},
{
    "model": "library.book",
    "pk": 35,
    "fields": {
        "name": "The Night in Lisbon",
        "price": "200.00",
        "author": 5,
        "publisher": 5,
        "pubdate": "1964-10-18"
    }
},
{
    "model": "library.book",
    "pk": 36,
    "fields": {
        "name": "Shadows in Paradise",
        "price": "220.00",
        "author": 5,
        "publisher": 5,
        "pubdate": "1972-08-18"
    }
},
{
    "model": "library.book",
    "pk": 37,
    "fields": {
        "name": "The Promised Land",
        "price": "185.00",
        "author": 5,
        "publisher": 3,
        "pubdate": "1970-10-15"
    }
},
{
    "model": "library.book",
    "pk": 38,
    "fields": {
        "name": "Heaven Has No Favorites",
        "price": "185.00",
        "author": 5,
        "publisher": 3,
        "pubdate": "1961-06-26"
    }
},
{
    "model": "library.book",
    "pk": 39,
    "fields": {
        "name": "A Time to Love and a Time to Die",
        "price": "180.00",
        "author": 5,
        "publisher": 3,
        "pubdate": "1954-03-18"
    }
},
{
    "model": "library.book",
    "pk": 40,
    "fields": {
        "name": "Pride and Prejudice",
        "price": "250.00",
        "author": 6,
        "publisher": 4,
        "pubdate": "1813-12-15"
    }
},
{
    "model": "library.book",
    "pk": 41,
    "fields": {
        "name": "Mansfield Park",
        "price": "220.00",
        "author": 6,
        "publisher": 4,
        "pubdate": "1814-06-14"
    }
},
{
    "model": "library.book",
    "pk": 42,
    "fields": {
        "name": "Emma",
        "price": "235.00",
        "author": 6,
        "publisher": 4,
        "pubdate": "1815-08-13"
    }
},
{
    "model": "library.book",
    "pk": 43,
    "fields": {
        "name": "Northanger Abbey",
        "price": "235.00",
        "author": 6,
        "publisher": 4,
        "pubdate": "1818-10-23"
    }
},
{
    "model": "library.book",
    "pk": 44,
    "fields": {
        "name": "Persuasion",
        "price": "235.00",
        "author": 6,
        "publisher": 4,
        "pubdate": "1818-07-15"
    }
},
{
    "model": "library.book",
    "pk": 45,
    "fields": {
        "name": "Lady Susan",
        "price": "195.00",
        "author": 6,
        "publisher": 2,
        "pubdate": "1871-12-05"
    }
},
{
    "model": "library.book",
    "pk": 46,
    "fields": {
        "name": "Sense and Sensibility",
        "price": "190.00",
        "author": 6,
        "publisher": 2,
        "pubdate": "1811-06-08"
    }
},
{
    "model": "library.book",
    "pk": 47,
    "fields": {
        "name": "The Iron King",
        "price": "190.00",
        "author": 7,
        "publisher": 2,
        "pubdate": "1955-03-12"
    }
},
{
    "model": "library.book",
    "pk": 48,
    "fields": {
        "name": "The Strangled Queen",
        "price": "190.00",
        "author": 7,
        "publisher": 2,
        "pubdate": "1956-07-24"
    }
},
{
    "model": "library.book",
    "pk": 49,
    "fields": {
        "name": "The Poisoned Crown",
        "price": "190.00",
        "author": 7,
        "publisher": 2,
        "pubdate": "1957-08-29"
    }
},
{
    "model": "library.book",
    "pk": 50,
    "fields": {
        "name": "The Royal Succession",
        "price": "185.00",
        "author": 7,
        "publisher": 2,
        "pubdate": "1958-03-10"
    }
},
{
    "model": "library.book",
    "pk": 51,
    "fields": {
        "name": "The She-Wolf of France",
        "price": "185.00",
        "author": 7,
        "publisher": 2,
        "pubdate": "1959-03-17"
    }
},
{
    "model": "library.book",
    "pk": 52,
    "fields": {
        "name": "The Lily and the Lion",
        "price": "185.00",
        "author": 7,
        "publisher": 2,
        "pubdate": "1960-02-17"
    }
},
{
    "model": "library.book",
    "pk": 53,
    "fields": {
        "name": "The King Without a Kingdom",
        "price": "185.00",
        "author": 7,
        "publisher": 2,
        "pubdate": "1960-07-29"
    }
},
{
    "model": "library.book",
    "pk": 54,
    "fields": {
        "name": "The Big Families",
        "price": "170.00",
        "author": 7,
        "publisher": 5,
        "pubdate": "1968-10-30"
    }
},
{
    "model": "library.book",
    "pk": 55,
    "fields": {
        "name": "The Last Brigade",
        "price": "165.00",
        "author": 7,
        "publisher": 5,
        "pubdate": "1968-01-26"
    }
},
{
    "model": "library.book",
    "pk": 56,
    "fields": {
        "name": "The Song of the Partisans",
        "price": "170.00",
        "author": 7,
        "publisher": 5,
        "pubdate": "1970-12-19"
    }
},
{
    "model": "library.book",
    "pk": 57,
    "fields": {
        "name": "The Pleasure of Being",
        "price": "155.00",
        "author": 7,
        "publisher": 5,
        "pubdate": "1975-08-19"
    }
},
{
    "model": "library.book",
    "pk": 58,
    "fields": {
        "name": "Paris, from Caesar to Saint Louis",
        "price": "150.00",
        "author": 7,
        "publisher": 5,
        "pubdate": "1977-06-21"
    }
},
{
    "model": "library.book",
    "pk": 59,
    "fields": {
        "name": "The future in disarray",
        "price": "150.00",
        "author": 7,
        "publisher": 5,
        "pubdate": "1978-02-19"
    }
},
{
    "model": "library.book",
    "pk": 60,
    "fields": {
        "name": "Provencal splendor",
        "price": "150.00",
        "author": 7,
        "publisher": 4,
        "pubdate": "1970-08-20"
    }
},
{
    "model": "library.book",
    "pk": 61,
    "fields": {
        "name": "When a king loses France",
        "price": "160.00",
        "author": 7,
        "publisher": 4,
        "pubdate": "1979-10-29"
    }
},
{
    "model": "library.book",
    "pk": 62,
    "fields": {
        "name": "Culture and the State",
        "price": "160.00",
        "author": 7,
        "publisher": 4,
        "pubdate": "1981-09-10"
    }
},
{
    "model": "library.book",
    "pk": 63,
    "fields": {
        "name": "Good french",
        "price": "145.00",
        "author": 7,
        "publisher": 4,
        "pubdate": "1999-04-12"
    }
},
{
    "model": "library.book",
    "pk": 64,
    "fields": {
        "name": "Jane Eyre",
        "price": "165.00",
        "author": 8,
        "publisher": 1,
        "pubdate": "1847-03-10"
    }
},
{
    "model": "library.book",
    "pk": 65,
    "fields": {
        "name": "Shirley",
        "price": "165.00",
        "author": 8,
        "publisher": 1,
        "pubdate": "1849-03-05"
    }
},
{
    "model": "library.book",
    "pk": 66,
    "fields": {
        "name": "Villette",
        "price": "165.00",
        "author": 8,
        "publisher": 1,
        "pubdate": "1853-05-04"
    }
},
{
    "model": "library.book",
    "pk": 67,
    "fields": {
        "name": "The Professor",
        "price": "150.00",
        "author": 8,
        "publisher": 1,
        "pubdate": "1857-11-25"
    }
},
{
    "model": "library.book",
    "pk": 68,
    "fields": {
        "name": "Emma",
        "price": "160.00",
        "author": 8,
        "publisher": 1,
        "pubdate": "1860-10-20"
    }
},
{
    "model": "library.book",
    "pk": 69,
    "fields": {
        "name": "Poems by Currer, Ellis, and Acton Bell",
        "price": "160.00",
        "author": 8,
        "publisher": 1,
        "pubdate": "1846-07-14"
    }
},
{
    "model": "library.book",
    "pk": 70,
    "fields": {
        "name": "The Young Men's Magazine",
        "price": "195.00",
        "author": 8,
        "publisher": 3,
        "pubdate": "1830-05-20"
    }
},
{
    "model": "library.book",
    "pk": 71,
    "fields": {
        "name": "A Book of Rhymes",
        "price": "190.00",
        "author": 8,
        "publisher": 3,
        "pubdate": "1829-05-13"
    }
},
{
    "model": "library.book",
    "pk": 72,
    "fields": {
        "name": "Lily Hart",
        "price": "190.00",
        "author": 8,
        "publisher": 4,
        "pubdate": "1829-04-15"
    }
},
{
    "model": "library.book",
    "pk": 73,
    "fields": {
        "name": "Albion and Marina",
        "price": "180.00",
        "author": 8,
        "publisher": 4,
        "pubdate": "1832-08-09"
    }
},
{
    "model": "library.book",
    "pk": 74,
    "fields": {
        "name": "Tales of the Islanders",
        "price": "180.00",
        "author": 8,
        "publisher": 2,
        "pubdate": "1838-08-13"
    }
},
{
    "model": "library.book",
    "pk": 75,
    "fields": {
        "name": "Tales of Angria",
        "price": "175.00",
        "author": 8,
        "publisher": 3,
        "pubdate": "1839-10-23"
    }
},
{
    "model": "library.book",
    "pk": 76,
    "fields": {
        "name": "The Three Musketeers",
        "price": "200.00",
        "author": 9,
        "publisher": 1,
        "pubdate": "1844-06-10"
    }
},
{
    "model": "library.book",
    "pk": 77,
    "fields": {
        "name": "Twenty Years Afte",
        "price": "200.00",
        "author": 9,
        "publisher": 1,
        "pubdate": "1845-09-18"
    }
},
{
    "model": "library.book",
    "pk": 78,
    "fields": {
        "name": "The Vicomte de Bragelonne",
        "price": "200.00",
        "author": 9,
        "publisher": 1,
        "pubdate": "1847-08-12"
    }
},
{
    "model": "library.book",
    "pk": 79,
    "fields": {
        "name": "Louis XIV and His Century",
        "price": "160.00",
        "author": 9,
        "publisher": 2,
        "pubdate": "1844-09-15"
    }
},
{
    "model": "library.book",
    "pk": 80,
    "fields": {
        "name": "The Women's War",
        "price": "165.00",
        "author": 9,
        "publisher": 2,
        "pubdate": "1845-06-13"
    }
},
{
    "model": "library.book",
    "pk": 81,
    "fields": {
        "name": "The Conspirators",
        "price": "175.00",
        "author": 9,
        "publisher": 2,
        "pubdate": "1843-09-16"
    }
},
{
    "model": "library.book",
    "pk": 82,
    "fields": {
        "name": "The Regent's Daughter",
        "price": "175.00",
        "author": 9,
        "publisher": 2,
        "pubdate": "1843-04-12"
    }
},
{
    "model": "library.book",
    "pk": 83,
    "fields": {
        "name": "Georges",
        "price": "145.00",
        "author": 9,
        "publisher": 4,
        "pubdate": "1845-05-03"
    }
},
{
    "model": "library.book",
    "pk": 84,
    "fields": {
        "name": "The Count of Monte Cristo",
        "price": "140.00",
        "author": 9,
        "publisher": 4,
        "pubdate": "1844-10-11"
    }
},
{
    "model": "library.book",
    "pk": 85,
    "fields": {
        "name": "The Black Tulip",
        "price": "170.00",
        "author": 9,
        "publisher": 4,
        "pubdate": "1850-12-10"
    }
},
{
    "model": "library.book",
    "pk": 86,
    "fields": {
        "name": "The Mohicans of Paris",
        "price": "180.00",
        "author": 9,
        "publisher": 5,
        "pubdate": "1854-07-10"
    }
},
{
    "model": "library.book",
    "pk": 87,
    "fields": {
        "name": "Olympe de Cleves",
        "price": "180.00",
        "author": 9,
        "publisher": 5,
        "pubdate": "1851-05-18"
    }
},
{
    "model": "library.book",
    "pk": 88,
    "fields": {
        "name": "Captain Pamphile",
        "price": "185.00",
        "author": 9,
        "publisher": 5,
        "pubdate": "1839-03-19"
    }
},
{
    "model": "library.book",
    "pk": 89,
    "fields": {
        "name": "The Fencing Master",
        "price": "175.00",
        "author": 9,
        "publisher": 5,
        "pubdate": "1840-10-28"
    }
},
{
    "model": "library.book",
    "pk": 90,
    "fields": {
        "name": "La Sanfelice",
        "price": "185.00",
        "author": 9,
        "publisher": 5,
        "pubdate": "1864-10-17"
    }
},
{
    "model": "library.book",
    "pk": 91,
    "fields": {
        "name": "Captain Paul",
        "price": "200.00",
        "author": 9,
        "publisher": 5,
        "pubdate": "1838-12-10"
    }
},
{
    "model": "library.store",
    "pk": 1,
    "fields": {
        "name": "Valliza-Book",
        "books": [
            6,
            8,
            9,
            10,
            11,
            12,
            13,
            14,
            15,
            16,
            17,
            18,
            19,
            20,
            21,
            22,
            23,
            24,
            25,
            26,
            27,
            28,
            29,
            30,
            31,
            32,
            33,
            34,
            35,
            36,
            37,
            38,
            39,
            40,
            41,
            42,
            43,
            44,
            45,
            46,
            47,
            48,
            49,
            50,
            51,
            52,
            53,
            54,
            55,
            56,
            57,
            58,
            59,
            60,
            61,
            62,
            63,
            88
        ]
    }
},
{
    "model": "library.store",
    "pk": 2,
    "fields": {
        "name": "Knigaza",
        "books": [
            1,
            2,
            3,
            4,
            5,
            6,
            7,
            14,
            15,
            16,
            17,
            18,
            19,
            42,
            43,
            44,
            45,
            46,
            47,
            48,
            81,
            82,
            83,
            84,
            85,
            86,
            87,
            88,
            89,
            90,
            91
        ]
    }
},
{
    "model": "library.store",
    "pk": 3,
    "fields": {
        "name": "Grenka",
        "books": [
            29,
            30,
            31,
            32,
            33,
            34,
            35,
            36,
            37,
            38,
            39,
            40,
            41,
            42,
            43,
            44,
            45,
            46,
            47,
            48,
            49,
            50,
            51,
            52,
            53,
            54,
            55,
            56,
            57,
            58,
            59,
            60,
            61,
            62,
            63,
            64,
            65,
            66,
            67,
            68,
            69,
            70,
            71,
            72,
            73,
            74,
            75,
            76,
            77,
            78,
            79,
            80,
            81,
            82,
            83,
            84,
            85
        ]
    }
},
{
    "model": "library.store",
    "pk": 4,
    "fields": {
        "name": "Artvertep",
        "books": [
            1,
            2,
            3,
            4,
            5,
            6,
            7,
            8,
            9,
            10,
            11,
            12,
            13,
            14,
            15,
            23,
            24,
            25,
            26,
            27,
            28,
            29,
            36,
            37,
            38,
            39,
            40,
            41,
            42,
            43,
            44,
            58,
            59,
            60,
            61,
            62,
            63,
            64,
            65,
            66,
            67,
            68,
            72,
            73,
            74,
            75,
            76,
            77,
            78,
            79,
            80,
            81,
            82,
            83,
            84,
            85,
            86,
            87,
            88,
            89,
            90
        ]
    }
},
{
    "model": "library.store",
    "pk": 5,
    "fields": {
        "name": "Booklya",
        "books": [
            44,
            45,
            46,
            47,
            48,
            49,
            50,
            51,
            52,
            53,
            54,
            55,
            56,
            57,
            58,
            59,
            60,
            61,
            62,
            63,
            64,
            65,
            66,
            67,
            68,
            69,
            70,
            71,
            72,
            73,
            74,
            75,
            76,
            77,
            78,
            79,
            80,
            81,
            82,
            83,
            84,
            85,
            86,
            87,
            88,
            89
        ]
    }
}
]
